id,PaperTitle,Year,Author,Publication,Url
0,Introduction to metallic nanoparticles,2010,VV Mody,ncbi.nlm.nih.gov,https://www.ncbi.nlm.nih.gov/pmc/articles/PMC2996072/
1,Biological synthesis of metallic nanoparticles,2010,KN Thakkar,Elsevier,https://www.sciencedirect.com/science/article/pii/S1549963409001154
2,Applications of biosynthesized metallic nanoparticles–a review,2014,A Schröfel,Elsevier,https://www.sciencedirect.com/science/article/pii/S1742706114002347
3,Metallic nanoparticles,2008,J Blackman,books.google.com,https://books.google.com/books?hl=en&lr=&id=qRStE4M9ZAkC&oi=fnd&pg=PP1&dq=metallic+nanoparticles&ots=RURJpU5mlf&sig=EfP7WG72UHx8qKVgP1Jp1BkcV7g
4,A review of characterization and physical property studies of metallic nanoparticles,2001,JT Lue,Elsevier,https://www.sciencedirect.com/science/article/pii/S0022369701000993
5,Synthesis of metallic nanoparticles using plant extracts,2013,AK Mittal,Elsevier,https://www.sciencedirect.com/science/article/pii/S0734975013000050
6,Surface plasmons in metallic nanoparticles: fundamentals and applications,2011,MA García,iopscience.iop.org,https://iopscience.iop.org/article/10.1088/0022-3727/44/28/283001/meta
7,Pharmacokinetics of metallic nanoparticles,2015,Z Lin,Library,https://wires.onlinelibrary.wiley.com/doi/abs/10.1002/wnan.1304
8,Electron dynamics in metallic nanoparticles,2000,JY Bigot,Elsevier,https://www.sciencedirect.com/science/article/pii/S0301010499002980
9,Metallic nanoparticles: technology overview & drug delivery applications in oncology,2010,MZ Ahmad,Francis,https://www.tandfonline.com/doi/abs/10.1517/17425247.2010.498473
10,Introduction to metallic nanoparticles,2010,VV Mody,ncbi.nlm.nih.gov,https://www.ncbi.nlm.nih.gov/pmc/articles/PMC2996072/
11,Biological synthesis of metallic nanoparticles,2010,KN Thakkar,Elsevier,https://www.sciencedirect.com/science/article/pii/S1549963409001154
12,Applications of biosynthesized metallic nanoparticles–a review,2014,A Schröfel,Elsevier,https://www.sciencedirect.com/science/article/pii/S1742706114002347
13,Metallic nanoparticles,2008,J Blackman,books.google.com,https://books.google.com/books?hl=en&lr=&id=qRStE4M9ZAkC&oi=fnd&pg=PP1&dq=metallic+nanoparticles&ots=RURJpU5mqd&sig=5lD9ogY-ob_byo4qGPf-Ah18VqE
14,A review of characterization and physical property studies of metallic nanoparticles,2001,JT Lue,Elsevier,https://www.sciencedirect.com/science/article/pii/S0022369701000993
15,Synthesis of metallic nanoparticles using plant extracts,2013,AK Mittal,Elsevier,https://www.sciencedirect.com/science/article/pii/S0734975013000050
16,Surface plasmons in metallic nanoparticles: fundamentals and applications,2011,MA García,iopscience.iop.org,https://iopscience.iop.org/article/10.1088/0022-3727/44/28/283001/meta
17,Pharmacokinetics of metallic nanoparticles,2015,Z Lin,Library,https://wires.onlinelibrary.wiley.com/doi/abs/10.1002/wnan.1304
18,Electron dynamics in metallic nanoparticles,2000,JY Bigot,Elsevier,https://www.sciencedirect.com/science/article/pii/S0301010499002980
19,Metallic nanoparticles: technology overview & drug delivery applications in oncology,2010,MZ Ahmad,Francis,https://www.tandfonline.com/doi/abs/10.1517/17425247.2010.498473
20,Introduction to metallic nanoparticles,2010,VV Mody,ncbi.nlm.nih.gov,https://www.ncbi.nlm.nih.gov/pmc/articles/PMC2996072/
21,Biological synthesis of metallic nanoparticles,2010,KN Thakkar,Elsevier,https://www.sciencedirect.com/science/article/pii/S1549963409001154
22,Applications of biosynthesized metallic nanoparticles–a review,2014,A Schröfel,Elsevier,https://www.sciencedirect.com/science/article/pii/S1742706114002347
23, Metallic nanoparticles,2008,J Blackman,books.google.com,https://books.google.com/books?hl=en&lr=&id=qRStE4M9ZAkC&oi=fnd&pg=PP1&dq=metallic+nanoparticles&ots=RURJpU5njf&sig=GvymaGVPZiLTu3dr7hyxzUl7O5w
24,A review of characterization and physical property studies of metallic nanoparticles,2001,JT Lue,Elsevier,https://www.sciencedirect.com/science/article/pii/S0022369701000993
25,Synthesis of metallic nanoparticles using plant extracts,2013,AK Mittal,Elsevier,https://www.sciencedirect.com/science/article/pii/S0734975013000050
26,Surface plasmons in metallic nanoparticles: fundamentals and applications,2011,MA García,iopscience.iop.org,https://iopscience.iop.org/article/10.1088/0022-3727/44/28/283001/meta
27,Pharmacokinetics of metallic nanoparticles,2015,Z Lin,Library,https://wires.onlinelibrary.wiley.com/doi/abs/10.1002/wnan.1304
28,Electron dynamics in metallic nanoparticles,2000,JY Bigot,Elsevier,https://www.sciencedirect.com/science/article/pii/S0301010499002980
29,Metallic nanoparticles: technology overview & drug delivery applications in oncology,2010,MZ Ahmad,Francis,https://www.tandfonline.com/doi/abs/10.1517/17425247.2010.498473
30,Introduction to metallic nanoparticles,2010,VV Mody,ncbi.nlm.nih.gov,https://www.ncbi.nlm.nih.gov/pmc/articles/PMC2996072/
31,Biological synthesis of metallic nanoparticles,2010,KN Thakkar,Elsevier,https://www.sciencedirect.com/science/article/pii/S1549963409001154
32,Applications of biosynthesized metallic nanoparticles–a review,2014,A Schröfel,Elsevier,https://www.sciencedirect.com/science/article/pii/S1742706114002347
33, Metallic nanoparticles,2008,J Blackman,books.google.com,https://books.google.com/books?hl=en&lr=&id=qRStE4M9ZAkC&oi=fnd&pg=PP1&dq=metallic+nanoparticles&ots=RURJpU5nmg&sig=xKxA7TAhlKxEZZeoBBz9qAq6bm8
34,A review of characterization and physical property studies of metallic nanoparticles,2001,JT Lue,Elsevier,https://www.sciencedirect.com/science/article/pii/S0022369701000993
35,Synthesis of metallic nanoparticles using plant extracts,2013,AK Mittal,Elsevier,https://www.sciencedirect.com/science/article/pii/S0734975013000050
36,Surface plasmons in metallic nanoparticles: fundamentals and applications,2011,MA García,iopscience.iop.org,https://iopscience.iop.org/article/10.1088/0022-3727/44/28/283001/meta
37,Pharmacokinetics of metallic nanoparticles,2015,Z Lin,Library,https://wires.onlinelibrary.wiley.com/doi/abs/10.1002/wnan.1304
38,Electron dynamics in metallic nanoparticles,2000,JY Bigot,Elsevier,https://www.sciencedirect.com/science/article/pii/S0301010499002980
39,Metallic nanoparticles: technology overview & drug delivery applications in oncology,2010,MZ Ahmad,Francis,https://www.tandfonline.com/doi/abs/10.1517/17425247.2010.498473
40,Introduction to metallic nanoparticles,2010,VV Mody,ncbi.nlm.nih.gov,https://www.ncbi.nlm.nih.gov/pmc/articles/PMC2996072/
41,Biological synthesis of metallic nanoparticles,2010,KN Thakkar,Elsevier,https://www.sciencedirect.com/science/article/pii/S1549963409001154
42,Applications of biosynthesized metallic nanoparticles–a review,2014,A Schröfel,Elsevier,https://www.sciencedirect.com/science/article/pii/S1742706114002347
43, Metallic nanoparticles,2008,J Blackman,books.google.com,https://books.google.com/books?hl=en&lr=&id=qRStE4M9ZAkC&oi=fnd&pg=PP1&dq=metallic+nanoparticles&ots=RURJpU5nph&sig=ol-OyTeDBjpBMpqThrXuAYjGDFA
44,A review of characterization and physical property studies of metallic nanoparticles,2001,JT Lue,Elsevier,https://www.sciencedirect.com/science/article/pii/S0022369701000993
45,Synthesis of metallic nanoparticles using plant extracts,2013,AK Mittal,Elsevier,https://www.sciencedirect.com/science/article/pii/S0734975013000050
46,Surface plasmons in metallic nanoparticles: fundamentals and applications,2011,MA García,iopscience.iop.org,https://iopscience.iop.org/article/10.1088/0022-3727/44/28/283001/meta
47,Pharmacokinetics of metallic nanoparticles,2015,Z Lin,Library,https://wires.onlinelibrary.wiley.com/doi/abs/10.1002/wnan.1304
48,Electron dynamics in metallic nanoparticles,2000,JY Bigot,Elsevier,https://www.sciencedirect.com/science/article/pii/S0301010499002980
49,Metallic nanoparticles: technology overview & drug delivery applications in oncology,2010,MZ Ahmad,Francis,https://www.tandfonline.com/doi/abs/10.1517/17425247.2010.498473
50,Introduction to metallic nanoparticles,2010,VV Mody,ncbi.nlm.nih.gov,https://www.ncbi.nlm.nih.gov/pmc/articles/PMC2996072/
51,Biological synthesis of metallic nanoparticles,2010,KN Thakkar,Elsevier,https://www.sciencedirect.com/science/article/pii/S1549963409001154
52,Applications of biosynthesized metallic nanoparticles–a review,2014,A Schröfel,Elsevier,https://www.sciencedirect.com/science/article/pii/S1742706114002347
53, Metallic nanoparticles,2008,J Blackman,books.google.com,https://books.google.com/books?hl=en&lr=&id=qRStE4M9ZAkC&oi=fnd&pg=PP1&dq=metallic+nanoparticles&ots=RURJpU5oj8&sig=r-kdoFu3wyYOrEZqCWh9rWczwqU
54,A review of characterization and physical property studies of metallic nanoparticles,2001,JT Lue,Elsevier,https://www.sciencedirect.com/science/article/pii/S0022369701000993
55,Synthesis of metallic nanoparticles using plant extracts,2013,AK Mittal,Elsevier,https://www.sciencedirect.com/science/article/pii/S0734975013000050
56,Surface plasmons in metallic nanoparticles: fundamentals and applications,2011,MA García,iopscience.iop.org,https://iopscience.iop.org/article/10.1088/0022-3727/44/28/283001/meta
57,Pharmacokinetics of metallic nanoparticles,2015,Z Lin,Library,https://wires.onlinelibrary.wiley.com/doi/abs/10.1002/wnan.1304
58,Electron dynamics in metallic nanoparticles,2000,JY Bigot,Elsevier,https://www.sciencedirect.com/science/article/pii/S0301010499002980
59,Metallic nanoparticles: technology overview & drug delivery applications in oncology,2010,MZ Ahmad,Francis,https://www.tandfonline.com/doi/abs/10.1517/17425247.2010.498473
60,Introduction to metallic nanoparticles,2010,VV Mody,ncbi.nlm.nih.gov,https://www.ncbi.nlm.nih.gov/pmc/articles/PMC2996072/
61,Biological synthesis of metallic nanoparticles,2010,KN Thakkar,Elsevier,https://www.sciencedirect.com/science/article/pii/S1549963409001154
62,Applications of biosynthesized metallic nanoparticles–a review,2014,A Schröfel,Elsevier,https://www.sciencedirect.com/science/article/pii/S1742706114002347
63, Metallic nanoparticles,2008,J Blackman,books.google.com,https://books.google.com/books?hl=en&lr=&id=qRStE4M9ZAkC&oi=fnd&pg=PP1&dq=metallic+nanoparticles&ots=RURJpU5oma&sig=GMzcxEX4Mdc2G1vsKxSF-SKSW24
64,A review of characterization and physical property studies of metallic nanoparticles,2001,JT Lue,Elsevier,https://www.sciencedirect.com/science/article/pii/S0022369701000993
65,Synthesis of metallic nanoparticles using plant extracts,2013,AK Mittal,Elsevier,https://www.sciencedirect.com/science/article/pii/S0734975013000050
66,Surface plasmons in metallic nanoparticles: fundamentals and applications,2011,MA García,iopscience.iop.org,https://iopscience.iop.org/article/10.1088/0022-3727/44/28/283001/meta
67,Pharmacokinetics of metallic nanoparticles,2015,Z Lin,Library,https://wires.onlinelibrary.wiley.com/doi/abs/10.1002/wnan.1304
68,Electron dynamics in metallic nanoparticles,2000,JY Bigot,Elsevier,https://www.sciencedirect.com/science/article/pii/S0301010499002980
69,Metallic nanoparticles: technology overview & drug delivery applications in oncology,2010,MZ Ahmad,Francis,https://www.tandfonline.com/doi/abs/10.1517/17425247.2010.498473
70,Introduction to metallic nanoparticles,2010,VV Mody,ncbi.nlm.nih.gov,https://www.ncbi.nlm.nih.gov/pmc/articles/PMC2996072/
71,Biological synthesis of metallic nanoparticles,2010,KN Thakkar,Elsevier,https://www.sciencedirect.com/science/article/pii/S1549963409001154
72,Applications of biosynthesized metallic nanoparticles–a review,2014,A Schröfel,Elsevier,https://www.sciencedirect.com/science/article/pii/S1742706114002347
73, Metallic nanoparticles,2008,J Blackman,books.google.com,https://books.google.com/books?hl=en&lr=&id=qRStE4M9ZAkC&oi=fnd&pg=PP1&dq=metallic+nanoparticles&ots=RURJpU5opb&sig=wYnl2K80eIABEgMSHReiobwoCQQ
74,A review of characterization and physical property studies of metallic nanoparticles,2001,JT Lue,Elsevier,https://www.sciencedirect.com/science/article/pii/S0022369701000993
75,Synthesis of metallic nanoparticles using plant extracts,2013,AK Mittal,Elsevier,https://www.sciencedirect.com/science/article/pii/S0734975013000050
76,Surface plasmons in metallic nanoparticles: fundamentals and applications,2011,MA García,iopscience.iop.org,https://iopscience.iop.org/article/10.1088/0022-3727/44/28/283001/meta
77,Pharmacokinetics of metallic nanoparticles,2015,Z Lin,Library,https://wires.onlinelibrary.wiley.com/doi/abs/10.1002/wnan.1304
78,Electron dynamics in metallic nanoparticles,2000,JY Bigot,Elsevier,https://www.sciencedirect.com/science/article/pii/S0301010499002980
79,Metallic nanoparticles: technology overview & drug delivery applications in oncology,2010,MZ Ahmad,Francis,https://www.tandfonline.com/doi/abs/10.1517/17425247.2010.498473
80,Introduction to metallic nanoparticles,2010,VV Mody,ncbi.nlm.nih.gov,https://www.ncbi.nlm.nih.gov/pmc/articles/PMC2996072/
81,Biological synthesis of metallic nanoparticles,2010,KN Thakkar,Elsevier,https://www.sciencedirect.com/science/article/pii/S1549963409001154
82,Applications of biosynthesized metallic nanoparticles–a review,2014,A Schröfel,Elsevier,https://www.sciencedirect.com/science/article/pii/S1742706114002347
83, Metallic nanoparticles,2008,J Blackman,books.google.com,https://books.google.com/books?hl=en&lr=&id=qRStE4M9ZAkC&oi=fnd&pg=PP1&dq=metallic+nanoparticles&ots=RURJpU6fic&sig=W3RxNh4PM0LwzO1kLKO8oyKAK4M
84,A review of characterization and physical property studies of metallic nanoparticles,2001,JT Lue,Elsevier,https://www.sciencedirect.com/science/article/pii/S0022369701000993
85,Synthesis of metallic nanoparticles using plant extracts,2013,AK Mittal,Elsevier,https://www.sciencedirect.com/science/article/pii/S0734975013000050
86,Surface plasmons in metallic nanoparticles: fundamentals and applications,2011,MA García,iopscience.iop.org,https://iopscience.iop.org/article/10.1088/0022-3727/44/28/283001/meta
87,Pharmacokinetics of metallic nanoparticles,2015,Z Lin,Library,https://wires.onlinelibrary.wiley.com/doi/abs/10.1002/wnan.1304
88,Electron dynamics in metallic nanoparticles,2000,JY Bigot,Elsevier,https://www.sciencedirect.com/science/article/pii/S0301010499002980
89,Metallic nanoparticles: technology overview & drug delivery applications in oncology,2010,MZ Ahmad,Francis,https://www.tandfonline.com/doi/abs/10.1517/17425247.2010.498473
90,Introduction to metallic nanoparticles,2010,VV Mody,ncbi.nlm.nih.gov,https://www.ncbi.nlm.nih.gov/pmc/articles/PMC2996072/
91,Biological synthesis of metallic nanoparticles,2010,KN Thakkar,Elsevier,https://www.sciencedirect.com/science/article/pii/S1549963409001154
92,Applications of biosynthesized metallic nanoparticles–a review,2014,A Schröfel,Elsevier,https://www.sciencedirect.com/science/article/pii/S1742706114002347
93, Metallic nanoparticles,2008,J Blackman,books.google.com,https://books.google.com/books?hl=en&lr=&id=qRStE4M9ZAkC&oi=fnd&pg=PP1&dq=metallic+nanoparticles&ots=RURJpU6fld&sig=C-_xLwpVBTiuRHmfmfAC9FxWD3I
94,A review of characterization and physical property studies of metallic nanoparticles,2001,JT Lue,Elsevier,https://www.sciencedirect.com/science/article/pii/S0022369701000993
95,Synthesis of metallic nanoparticles using plant extracts,2013,AK Mittal,Elsevier,https://www.sciencedirect.com/science/article/pii/S0734975013000050
96,Surface plasmons in metallic nanoparticles: fundamentals and applications,2011,MA García,iopscience.iop.org,https://iopscience.iop.org/article/10.1088/0022-3727/44/28/283001/meta
97,Pharmacokinetics of metallic nanoparticles,2015,Z Lin,Library,https://wires.onlinelibrary.wiley.com/doi/abs/10.1002/wnan.1304
98,Electron dynamics in metallic nanoparticles,2000,JY Bigot,Elsevier,https://www.sciencedirect.com/science/article/pii/S0301010499002980
99,Metallic nanoparticles: technology overview & drug delivery applications in oncology,2010,MZ Ahmad,Francis,https://www.tandfonline.com/doi/abs/10.1517/17425247.2010.498473
100,Introduction to metallic nanoparticles,2010,VV Mody,ncbi.nlm.nih.gov,https://www.ncbi.nlm.nih.gov/pmc/articles/PMC2996072/
101,Biological synthesis of metallic nanoparticles,2010,KN Thakkar,Elsevier,https://www.sciencedirect.com/science/article/pii/S1549963409001154
102,Applications of biosynthesized metallic nanoparticles–a review,2014,A Schröfel,Elsevier,https://www.sciencedirect.com/science/article/pii/S1742706114002347
103, Metallic nanoparticles,2008,J Blackman,books.google.com,https://books.google.com/books?hl=en&lr=&id=qRStE4M9ZAkC&oi=fnd&pg=PP1&dq=metallic+nanoparticles&ots=RURJpU6fof&sig=aipzz6xHiGslclTcKRPEP6QJjY4
104,A review of characterization and physical property studies of metallic nanoparticles,2001,JT Lue,Elsevier,https://www.sciencedirect.com/science/article/pii/S0022369701000993
105,Synthesis of metallic nanoparticles using plant extracts,2013,AK Mittal,Elsevier,https://www.sciencedirect.com/science/article/pii/S0734975013000050
106,Surface plasmons in metallic nanoparticles: fundamentals and applications,2011,MA García,iopscience.iop.org,https://iopscience.iop.org/article/10.1088/0022-3727/44/28/283001/meta
107,Pharmacokinetics of metallic nanoparticles,2015,Z Lin,Library,https://wires.onlinelibrary.wiley.com/doi/abs/10.1002/wnan.1304
108,Electron dynamics in metallic nanoparticles,2000,JY Bigot,Elsevier,https://www.sciencedirect.com/science/article/pii/S0301010499002980
109,Metallic nanoparticles: technology overview & drug delivery applications in oncology,2010,MZ Ahmad,Francis,https://www.tandfonline.com/doi/abs/10.1517/17425247.2010.498473
110,Introduction to metallic nanoparticles,2010,VV Mody,ncbi.nlm.nih.gov,https://www.ncbi.nlm.nih.gov/pmc/articles/PMC2996072/
111,Biological synthesis of metallic nanoparticles,2010,KN Thakkar,Elsevier,https://www.sciencedirect.com/science/article/pii/S1549963409001154
112,Applications of biosynthesized metallic nanoparticles–a review,2014,A Schröfel,Elsevier,https://www.sciencedirect.com/science/article/pii/S1742706114002347
113, Metallic nanoparticles,2008,J Blackman,books.google.com,https://books.google.com/books?hl=en&lr=&id=qRStE4M9ZAkC&oi=fnd&pg=PP1&dq=metallic+nanoparticles&ots=RURJpU6ghg&sig=XV7xNr6Z5VlXtNhmkbcahFKe4lw
114,A review of characterization and physical property studies of metallic nanoparticles,2001,JT Lue,Elsevier,https://www.sciencedirect.com/science/article/pii/S0022369701000993
115,Synthesis of metallic nanoparticles using plant extracts,2013,AK Mittal,Elsevier,https://www.sciencedirect.com/science/article/pii/S0734975013000050
116,Surface plasmons in metallic nanoparticles: fundamentals and applications,2011,MA García,iopscience.iop.org,https://iopscience.iop.org/article/10.1088/0022-3727/44/28/283001/meta
117,Pharmacokinetics of metallic nanoparticles,2015,Z Lin,Library,https://wires.onlinelibrary.wiley.com/doi/abs/10.1002/wnan.1304
118,Electron dynamics in metallic nanoparticles,2000,JY Bigot,Elsevier,https://www.sciencedirect.com/science/article/pii/S0301010499002980
119,Metallic nanoparticles: technology overview & drug delivery applications in oncology,2010,MZ Ahmad,Francis,https://www.tandfonline.com/doi/abs/10.1517/17425247.2010.498473
120,Introduction to metallic nanoparticles,2010,VV Mody,ncbi.nlm.nih.gov,https://www.ncbi.nlm.nih.gov/pmc/articles/PMC2996072/
121,Biological synthesis of metallic nanoparticles,2010,KN Thakkar,Elsevier,https://www.sciencedirect.com/science/article/pii/S1549963409001154
122,Applications of biosynthesized metallic nanoparticles–a review,2014,A Schröfel,Elsevier,https://www.sciencedirect.com/science/article/pii/S1742706114002347
123, Metallic nanoparticles,2008,J Blackman,books.google.com,https://books.google.com/books?hl=en&lr=&id=qRStE4M9ZAkC&oi=fnd&pg=PP1&dq=metallic+nanoparticles&ots=RURJpU6gkh&sig=nAtW3Hq5AM_G7xPSYqsFDDOKvq8
124,A review of characterization and physical property studies of metallic nanoparticles,2001,JT Lue,Elsevier,https://www.sciencedirect.com/science/article/pii/S0022369701000993
125,Synthesis of metallic nanoparticles using plant extracts,2013,AK Mittal,Elsevier,https://www.sciencedirect.com/science/article/pii/S0734975013000050
126,Surface plasmons in metallic nanoparticles: fundamentals and applications,2011,MA García,iopscience.iop.org,https://iopscience.iop.org/article/10.1088/0022-3727/44/28/283001/meta
127,Pharmacokinetics of metallic nanoparticles,2015,Z Lin,Library,https://wires.onlinelibrary.wiley.com/doi/abs/10.1002/wnan.1304
128,Electron dynamics in metallic nanoparticles,2000,JY Bigot,Elsevier,https://www.sciencedirect.com/science/article/pii/S0301010499002980
129,Metallic nanoparticles: technology overview & drug delivery applications in oncology,2010,MZ Ahmad,Francis,https://www.tandfonline.com/doi/abs/10.1517/17425247.2010.498473
130,Introduction to metallic nanoparticles,2010,VV Mody,ncbi.nlm.nih.gov,https://www.ncbi.nlm.nih.gov/pmc/articles/PMC2996072/
131,Biological synthesis of metallic nanoparticles,2010,KN Thakkar,Elsevier,https://www.sciencedirect.com/science/article/pii/S1549963409001154
132,Applications of biosynthesized metallic nanoparticles–a review,2014,A Schröfel,Elsevier,https://www.sciencedirect.com/science/article/pii/S1742706114002347
133, Metallic nanoparticles,2008,J Blackman,books.google.com,https://books.google.com/books?hl=en&lr=&id=qRStE4M9ZAkC&oi=fnd&pg=PP1&dq=metallic+nanoparticles&ots=RURJpU6go8&sig=LZ1X7Bl4TOJTo5AcFiUAMURhFI4
134,A review of characterization and physical property studies of metallic nanoparticles,2001,JT Lue,Elsevier,https://www.sciencedirect.com/science/article/pii/S0022369701000993
135,Synthesis of metallic nanoparticles using plant extracts,2013,AK Mittal,Elsevier,https://www.sciencedirect.com/science/article/pii/S0734975013000050
136,Surface plasmons in metallic nanoparticles: fundamentals and applications,2011,MA García,iopscience.iop.org,https://iopscience.iop.org/article/10.1088/0022-3727/44/28/283001/meta
137,Pharmacokinetics of metallic nanoparticles,2015,Z Lin,Library,https://wires.onlinelibrary.wiley.com/doi/abs/10.1002/wnan.1304
138,Electron dynamics in metallic nanoparticles,2000,JY Bigot,Elsevier,https://www.sciencedirect.com/science/article/pii/S0301010499002980
139,Metallic nanoparticles: technology overview & drug delivery applications in oncology,2010,MZ Ahmad,Francis,https://www.tandfonline.com/doi/abs/10.1517/17425247.2010.498473
140,Introduction to metallic nanoparticles,2010,VV Mody,ncbi.nlm.nih.gov,https://www.ncbi.nlm.nih.gov/pmc/articles/PMC2996072/
141,Biological synthesis of metallic nanoparticles,2010,KN Thakkar,Elsevier,https://www.sciencedirect.com/science/article/pii/S1549963409001154
142,Applications of biosynthesized metallic nanoparticles–a review,2014,A Schröfel,Elsevier,https://www.sciencedirect.com/science/article/pii/S1742706114002347
143, Metallic nanoparticles,2008,J Blackman,books.google.com,https://books.google.com/books?hl=en&lr=&id=qRStE4M9ZAkC&oi=fnd&pg=PP1&dq=metallic+nanoparticles&ots=RURJpU6hh8&sig=vRCs0_8uxFTlBfn5lNS276318KY
144,A review of characterization and physical property studies of metallic nanoparticles,2001,JT Lue,Elsevier,https://www.sciencedirect.com/science/article/pii/S0022369701000993
145,Synthesis of metallic nanoparticles using plant extracts,2013,AK Mittal,Elsevier,https://www.sciencedirect.com/science/article/pii/S0734975013000050
146,Surface plasmons in metallic nanoparticles: fundamentals and applications,2011,MA García,iopscience.iop.org,https://iopscience.iop.org/article/10.1088/0022-3727/44/28/283001/meta
147,Pharmacokinetics of metallic nanoparticles,2015,Z Lin,Library,https://wires.onlinelibrary.wiley.com/doi/abs/10.1002/wnan.1304
148,Electron dynamics in metallic nanoparticles,2000,JY Bigot,Elsevier,https://www.sciencedirect.com/science/article/pii/S0301010499002980
149,Metallic nanoparticles: technology overview & drug delivery applications in oncology,2010,MZ Ahmad,Francis,https://www.tandfonline.com/doi/abs/10.1517/17425247.2010.498473
150,Introduction to metallic nanoparticles,2010,VV Mody,ncbi.nlm.nih.gov,https://www.ncbi.nlm.nih.gov/pmc/articles/PMC2996072/
151,Biological synthesis of metallic nanoparticles,2010,KN Thakkar,Elsevier,https://www.sciencedirect.com/science/article/pii/S1549963409001154
152,Applications of biosynthesized metallic nanoparticles–a review,2014,A Schröfel,Elsevier,https://www.sciencedirect.com/science/article/pii/S1742706114002347
153, Metallic nanoparticles,2008,J Blackman,books.google.com,https://books.google.com/books?hl=en&lr=&id=qRStE4M9ZAkC&oi=fnd&pg=PP1&dq=metallic+nanoparticles&ots=RURJpU6hk9&sig=olqDfJOfO5DlpSE7r_ANRRxuccI
154,A review of characterization and physical property studies of metallic nanoparticles,2001,JT Lue,Elsevier,https://www.sciencedirect.com/science/article/pii/S0022369701000993
155,Synthesis of metallic nanoparticles using plant extracts,2013,AK Mittal,Elsevier,https://www.sciencedirect.com/science/article/pii/S0734975013000050
156,Surface plasmons in metallic nanoparticles: fundamentals and applications,2011,MA García,iopscience.iop.org,https://iopscience.iop.org/article/10.1088/0022-3727/44/28/283001/meta
157,Pharmacokinetics of metallic nanoparticles,2015,Z Lin,Library,https://wires.onlinelibrary.wiley.com/doi/abs/10.1002/wnan.1304
158,Electron dynamics in metallic nanoparticles,2000,JY Bigot,Elsevier,https://www.sciencedirect.com/science/article/pii/S0301010499002980
159,Metallic nanoparticles: technology overview & drug delivery applications in oncology,2010,MZ Ahmad,Francis,https://www.tandfonline.com/doi/abs/10.1517/17425247.2010.498473
160,Introduction to metallic nanoparticles,2010,VV Mody,ncbi.nlm.nih.gov,https://www.ncbi.nlm.nih.gov/pmc/articles/PMC2996072/
161,Biological synthesis of metallic nanoparticles,2010,KN Thakkar,Elsevier,https://www.sciencedirect.com/science/article/pii/S1549963409001154
162,Applications of biosynthesized metallic nanoparticles–a review,2014,A Schröfel,Elsevier,https://www.sciencedirect.com/science/article/pii/S1742706114002347
163, Metallic nanoparticles,2008,J Blackman,books.google.com,https://books.google.com/books?hl=en&lr=&id=qRStE4M9ZAkC&oi=fnd&pg=PP1&dq=metallic+nanoparticles&ots=RURJpU6hna&sig=9WdGKsE0Y6U-IMAyrQou-8eokHQ
164,A review of characterization and physical property studies of metallic nanoparticles,2001,JT Lue,Elsevier,https://www.sciencedirect.com/science/article/pii/S0022369701000993
165,Synthesis of metallic nanoparticles using plant extracts,2013,AK Mittal,Elsevier,https://www.sciencedirect.com/science/article/pii/S0734975013000050
166,Surface plasmons in metallic nanoparticles: fundamentals and applications,2011,MA García,iopscience.iop.org,https://iopscience.iop.org/article/10.1088/0022-3727/44/28/283001/meta
167,Pharmacokinetics of metallic nanoparticles,2015,Z Lin,Library,https://wires.onlinelibrary.wiley.com/doi/abs/10.1002/wnan.1304
168,Electron dynamics in metallic nanoparticles,2000,JY Bigot,Elsevier,https://www.sciencedirect.com/science/article/pii/S0301010499002980
169,Metallic nanoparticles: technology overview & drug delivery applications in oncology,2010,MZ Ahmad,Francis,https://www.tandfonline.com/doi/abs/10.1517/17425247.2010.498473
170,Introduction to metallic nanoparticles,2010,VV Mody,ncbi.nlm.nih.gov,https://www.ncbi.nlm.nih.gov/pmc/articles/PMC2996072/
171,Biological synthesis of metallic nanoparticles,2010,KN Thakkar,Elsevier,https://www.sciencedirect.com/science/article/pii/S1549963409001154
172,Applications of biosynthesized metallic nanoparticles–a review,2014,A Schröfel,Elsevier,https://www.sciencedirect.com/science/article/pii/S1742706114002347
173, Metallic nanoparticles,2008,J Blackman,books.google.com,https://books.google.com/books?hl=en&lr=&id=qRStE4M9ZAkC&oi=fnd&pg=PP1&dq=metallic+nanoparticles&ots=RURJpU6hqb&sig=w5zMe00qMkZng_xiT8ncrL4GNs0
174,A review of characterization and physical property studies of metallic nanoparticles,2001,JT Lue,Elsevier,https://www.sciencedirect.com/science/article/pii/S0022369701000993
175,Synthesis of metallic nanoparticles using plant extracts,2013,AK Mittal,Elsevier,https://www.sciencedirect.com/science/article/pii/S0734975013000050
176,Surface plasmons in metallic nanoparticles: fundamentals and applications,2011,MA García,iopscience.iop.org,https://iopscience.iop.org/article/10.1088/0022-3727/44/28/283001/meta
177,Pharmacokinetics of metallic nanoparticles,2015,Z Lin,Library,https://wires.onlinelibrary.wiley.com/doi/abs/10.1002/wnan.1304
178,Electron dynamics in metallic nanoparticles,2000,JY Bigot,Elsevier,https://www.sciencedirect.com/science/article/pii/S0301010499002980
179,Metallic nanoparticles: technology overview & drug delivery applications in oncology,2010,MZ Ahmad,Francis,https://www.tandfonline.com/doi/abs/10.1517/17425247.2010.498473
180,Introduction to metallic nanoparticles,2010,VV Mody,ncbi.nlm.nih.gov,https://www.ncbi.nlm.nih.gov/pmc/articles/PMC2996072/
181,Biological synthesis of metallic nanoparticles,2010,KN Thakkar,Elsevier,https://www.sciencedirect.com/science/article/pii/S1549963409001154
182,Applications of biosynthesized metallic nanoparticles–a review,2014,A Schröfel,Elsevier,https://www.sciencedirect.com/science/article/pii/S1742706114002347
183, Metallic nanoparticles,2008,J Blackman,books.google.com,https://books.google.com/books?hl=en&lr=&id=qRStE4M9ZAkC&oi=fnd&pg=PP1&dq=metallic+nanoparticles&ots=RURJpU6ijc&sig=OcCE11hIwlGnwkhwETTaj1p2eKU
184,A review of characterization and physical property studies of metallic nanoparticles,2001,JT Lue,Elsevier,https://www.sciencedirect.com/science/article/pii/S0022369701000993
185,Synthesis of metallic nanoparticles using plant extracts,2013,AK Mittal,Elsevier,https://www.sciencedirect.com/science/article/pii/S0734975013000050
186,Surface plasmons in metallic nanoparticles: fundamentals and applications,2011,MA García,iopscience.iop.org,https://iopscience.iop.org/article/10.1088/0022-3727/44/28/283001/meta
187,Pharmacokinetics of metallic nanoparticles,2015,Z Lin,Library,https://wires.onlinelibrary.wiley.com/doi/abs/10.1002/wnan.1304
188,Electron dynamics in metallic nanoparticles,2000,JY Bigot,Elsevier,https://www.sciencedirect.com/science/article/pii/S0301010499002980
189,Metallic nanoparticles: technology overview & drug delivery applications in oncology,2010,MZ Ahmad,Francis,https://www.tandfonline.com/doi/abs/10.1517/17425247.2010.498473
190,Introduction to metallic nanoparticles,2010,VV Mody,ncbi.nlm.nih.gov,https://www.ncbi.nlm.nih.gov/pmc/articles/PMC2996072/
191,Biological synthesis of metallic nanoparticles,2010,KN Thakkar,Elsevier,https://www.sciencedirect.com/science/article/pii/S1549963409001154
192,Applications of biosynthesized metallic nanoparticles–a review,2014,A Schröfel,Elsevier,https://www.sciencedirect.com/science/article/pii/S1742706114002347
193, Metallic nanoparticles,2008,J Blackman,books.google.com,https://books.google.com/books?hl=en&lr=&id=qRStE4M9ZAkC&oi=fnd&pg=PP1&dq=metallic+nanoparticles&ots=RURJpU6ime&sig=lb-KCmuuuti5Pvmxhvw1QYMV2kI
194,A review of characterization and physical property studies of metallic nanoparticles,2001,JT Lue,Elsevier,https://www.sciencedirect.com/science/article/pii/S0022369701000993
195,Synthesis of metallic nanoparticles using plant extracts,2013,AK Mittal,Elsevier,https://www.sciencedirect.com/science/article/pii/S0734975013000050
196,Surface plasmons in metallic nanoparticles: fundamentals and applications,2011,MA García,iopscience.iop.org,https://iopscience.iop.org/article/10.1088/0022-3727/44/28/283001/meta
197,Pharmacokinetics of metallic nanoparticles,2015,Z Lin,Library,https://wires.onlinelibrary.wiley.com/doi/abs/10.1002/wnan.1304
198,Electron dynamics in metallic nanoparticles,2000,JY Bigot,Elsevier,https://www.sciencedirect.com/science/article/pii/S0301010499002980
199,Metallic nanoparticles: technology overview & drug delivery applications in oncology,2010,MZ Ahmad,Francis,https://www.tandfonline.com/doi/abs/10.1517/17425247.2010.498473
200,Introduction to metallic nanoparticles,2010,VV Mody,ncbi.nlm.nih.gov,https://www.ncbi.nlm.nih.gov/pmc/articles/PMC2996072/
201,Biological synthesis of metallic nanoparticles,2010,KN Thakkar,Elsevier,https://www.sciencedirect.com/science/article/pii/S1549963409001154
202,Applications of biosynthesized metallic nanoparticles–a review,2014,A Schröfel,Elsevier,https://www.sciencedirect.com/science/article/pii/S1742706114002347
203, Metallic nanoparticles,2008,J Blackman,books.google.com,https://books.google.com/books?hl=en&lr=&id=qRStE4M9ZAkC&oi=fnd&pg=PP1&dq=metallic+nanoparticles&ots=RURJpU6ipf&sig=E84YNEIBkG3kX7GNULRwON0ww2Y
204,A review of characterization and physical property studies of metallic nanoparticles,2001,JT Lue,Elsevier,https://www.sciencedirect.com/science/article/pii/S0022369701000993
205,Synthesis of metallic nanoparticles using plant extracts,2013,AK Mittal,Elsevier,https://www.sciencedirect.com/science/article/pii/S0734975013000050
206,Surface plasmons in metallic nanoparticles: fundamentals and applications,2011,MA García,iopscience.iop.org,https://iopscience.iop.org/article/10.1088/0022-3727/44/28/283001/meta
207,Pharmacokinetics of metallic nanoparticles,2015,Z Lin,Library,https://wires.onlinelibrary.wiley.com/doi/abs/10.1002/wnan.1304
208,Electron dynamics in metallic nanoparticles,2000,JY Bigot,Elsevier,https://www.sciencedirect.com/science/article/pii/S0301010499002980
209,Metallic nanoparticles: technology overview & drug delivery applications in oncology,2010,MZ Ahmad,Francis,https://www.tandfonline.com/doi/abs/10.1517/17425247.2010.498473
210,Introduction to metallic nanoparticles,2010,VV Mody,ncbi.nlm.nih.gov,https://www.ncbi.nlm.nih.gov/pmc/articles/PMC2996072/
211,Biological synthesis of metallic nanoparticles,2010,KN Thakkar,Elsevier,https://www.sciencedirect.com/science/article/pii/S1549963409001154
212,Applications of biosynthesized metallic nanoparticles–a review,2014,A Schröfel,Elsevier,https://www.sciencedirect.com/science/article/pii/S1742706114002347
213, Metallic nanoparticles,2008,J Blackman,books.google.com,https://books.google.com/books?hl=en&lr=&id=qRStE4M9ZAkC&oi=fnd&pg=PP1&dq=metallic+nanoparticles&ots=RURJpU6jig&sig=Of5vA8UL-ky_KLfGxFkpjUWi0lU
214,A review of characterization and physical property studies of metallic nanoparticles,2001,JT Lue,Elsevier,https://www.sciencedirect.com/science/article/pii/S0022369701000993
215,Synthesis of metallic nanoparticles using plant extracts,2013,AK Mittal,Elsevier,https://www.sciencedirect.com/science/article/pii/S0734975013000050
216,Surface plasmons in metallic nanoparticles: fundamentals and applications,2011,MA García,iopscience.iop.org,https://iopscience.iop.org/article/10.1088/0022-3727/44/28/283001/meta
217,Pharmacokinetics of metallic nanoparticles,2015,Z Lin,Library,https://wires.onlinelibrary.wiley.com/doi/abs/10.1002/wnan.1304
218,Electron dynamics in metallic nanoparticles,2000,JY Bigot,Elsevier,https://www.sciencedirect.com/science/article/pii/S0301010499002980
219,Metallic nanoparticles: technology overview & drug delivery applications in oncology,2010,MZ Ahmad,Francis,https://www.tandfonline.com/doi/abs/10.1517/17425247.2010.498473
220,Introduction to metallic nanoparticles,2010,VV Mody,ncbi.nlm.nih.gov,https://www.ncbi.nlm.nih.gov/pmc/articles/PMC2996072/
221,Biological synthesis of metallic nanoparticles,2010,KN Thakkar,Elsevier,https://www.sciencedirect.com/science/article/pii/S1549963409001154
222,Applications of biosynthesized metallic nanoparticles–a review,2014,A Schröfel,Elsevier,https://www.sciencedirect.com/science/article/pii/S1742706114002347
223, Metallic nanoparticles,2008,J Blackman,books.google.com,https://books.google.com/books?hl=en&lr=&id=qRStE4M9ZAkC&oi=fnd&pg=PP1&dq=metallic+nanoparticles&ots=RURJpU6jm8&sig=DohQFFV9gtYFlwybIFV4WNHpKvM
224,A review of characterization and physical property studies of metallic nanoparticles,2001,JT Lue,Elsevier,https://www.sciencedirect.com/science/article/pii/S0022369701000993
225,Synthesis of metallic nanoparticles using plant extracts,2013,AK Mittal,Elsevier,https://www.sciencedirect.com/science/article/pii/S0734975013000050
226,Surface plasmons in metallic nanoparticles: fundamentals and applications,2011,MA García,iopscience.iop.org,https://iopscience.iop.org/article/10.1088/0022-3727/44/28/283001/meta
227,Pharmacokinetics of metallic nanoparticles,2015,Z Lin,Library,https://wires.onlinelibrary.wiley.com/doi/abs/10.1002/wnan.1304
228,Electron dynamics in metallic nanoparticles,2000,JY Bigot,Elsevier,https://www.sciencedirect.com/science/article/pii/S0301010499002980
229,Metallic nanoparticles: technology overview & drug delivery applications in oncology,2010,MZ Ahmad,Francis,https://www.tandfonline.com/doi/abs/10.1517/17425247.2010.498473
230,Introduction to metallic nanoparticles,2010,VV Mody,ncbi.nlm.nih.gov,https://www.ncbi.nlm.nih.gov/pmc/articles/PMC2996072/
231,Biological synthesis of metallic nanoparticles,2010,KN Thakkar,Elsevier,https://www.sciencedirect.com/science/article/pii/S1549963409001154
232,Applications of biosynthesized metallic nanoparticles–a review,2014,A Schröfel,Elsevier,https://www.sciencedirect.com/science/article/pii/S1742706114002347
233, Metallic nanoparticles,2008,J Blackman,books.google.com,https://books.google.com/books?hl=en&lr=&id=qRStE4M9ZAkC&oi=fnd&pg=PP1&dq=metallic+nanoparticles&ots=RURJpU6jp9&sig=53d8FfDZ8cRjXA8vJU9AdNhjR58
234,A review of characterization and physical property studies of metallic nanoparticles,2001,JT Lue,Elsevier,https://www.sciencedirect.com/science/article/pii/S0022369701000993
235,Synthesis of metallic nanoparticles using plant extracts,2013,AK Mittal,Elsevier,https://www.sciencedirect.com/science/article/pii/S0734975013000050
236,Surface plasmons in metallic nanoparticles: fundamentals and applications,2011,MA García,iopscience.iop.org,https://iopscience.iop.org/article/10.1088/0022-3727/44/28/283001/meta
237,Pharmacokinetics of metallic nanoparticles,2015,Z Lin,Library,https://wires.onlinelibrary.wiley.com/doi/abs/10.1002/wnan.1304
238,Electron dynamics in metallic nanoparticles,2000,JY Bigot,Elsevier,https://www.sciencedirect.com/science/article/pii/S0301010499002980
239,Metallic nanoparticles: technology overview & drug delivery applications in oncology,2010,MZ Ahmad,Francis,https://www.tandfonline.com/doi/abs/10.1517/17425247.2010.498473
240,Introduction to metallic nanoparticles,2010,VV Mody,ncbi.nlm.nih.gov,https://www.ncbi.nlm.nih.gov/pmc/articles/PMC2996072/
241,Biological synthesis of metallic nanoparticles,2010,KN Thakkar,Elsevier,https://www.sciencedirect.com/science/article/pii/S1549963409001154
242,Applications of biosynthesized metallic nanoparticles–a review,2014,A Schröfel,Elsevier,https://www.sciencedirect.com/science/article/pii/S1742706114002347
243, Metallic nanoparticles,2008,J Blackman,books.google.com,https://books.google.com/books?hl=en&lr=&id=qRStE4M9ZAkC&oi=fnd&pg=PP1&dq=metallic+nanoparticles&ots=RURJpU6kia&sig=EB9g_PsnCD-7M9e-BQ3jzSDT6V0
244,A review of characterization and physical property studies of metallic nanoparticles,2001,JT Lue,Elsevier,https://www.sciencedirect.com/science/article/pii/S0022369701000993
245,Synthesis of metallic nanoparticles using plant extracts,2013,AK Mittal,Elsevier,https://www.sciencedirect.com/science/article/pii/S0734975013000050
246,Surface plasmons in metallic nanoparticles: fundamentals and applications,2011,MA García,iopscience.iop.org,https://iopscience.iop.org/article/10.1088/0022-3727/44/28/283001/meta
247,Pharmacokinetics of metallic nanoparticles,2015,Z Lin,Library,https://wires.onlinelibrary.wiley.com/doi/abs/10.1002/wnan.1304
248,Electron dynamics in metallic nanoparticles,2000,JY Bigot,Elsevier,https://www.sciencedirect.com/science/article/pii/S0301010499002980
249,Metallic nanoparticles: technology overview & drug delivery applications in oncology,2010,MZ Ahmad,Francis,https://www.tandfonline.com/doi/abs/10.1517/17425247.2010.498473
250,Introduction to metallic nanoparticles,2010,VV Mody,ncbi.nlm.nih.gov,https://www.ncbi.nlm.nih.gov/pmc/articles/PMC2996072/
251,Biological synthesis of metallic nanoparticles,2010,KN Thakkar,Elsevier,https://www.sciencedirect.com/science/article/pii/S1549963409001154
252,Applications of biosynthesized metallic nanoparticles–a review,2014,A Schröfel,Elsevier,https://www.sciencedirect.com/science/article/pii/S1742706114002347
253, Metallic nanoparticles,2008,J Blackman,books.google.com,https://books.google.com/books?hl=en&lr=&id=qRStE4M9ZAkC&oi=fnd&pg=PP1&dq=metallic+nanoparticles&ots=RURJpU6klb&sig=KlTZ6vp1CIITcAz39r15NZ01GfE
254,A review of characterization and physical property studies of metallic nanoparticles,2001,JT Lue,Elsevier,https://www.sciencedirect.com/science/article/pii/S0022369701000993
255,Synthesis of metallic nanoparticles using plant extracts,2013,AK Mittal,Elsevier,https://www.sciencedirect.com/science/article/pii/S0734975013000050
256,Surface plasmons in metallic nanoparticles: fundamentals and applications,2011,MA García,iopscience.iop.org,https://iopscience.iop.org/article/10.1088/0022-3727/44/28/283001/meta
257,Pharmacokinetics of metallic nanoparticles,2015,Z Lin,Library,https://wires.onlinelibrary.wiley.com/doi/abs/10.1002/wnan.1304
258,Electron dynamics in metallic nanoparticles,2000,JY Bigot,Elsevier,https://www.sciencedirect.com/science/article/pii/S0301010499002980
259,Metallic nanoparticles: technology overview & drug delivery applications in oncology,2010,MZ Ahmad,Francis,https://www.tandfonline.com/doi/abs/10.1517/17425247.2010.498473
260,Introduction to metallic nanoparticles,2010,VV Mody,ncbi.nlm.nih.gov,https://www.ncbi.nlm.nih.gov/pmc/articles/PMC2996072/
261,Biological synthesis of metallic nanoparticles,2010,KN Thakkar,Elsevier,https://www.sciencedirect.com/science/article/pii/S1549963409001154
262,Applications of biosynthesized metallic nanoparticles–a review,2014,A Schröfel,Elsevier,https://www.sciencedirect.com/science/article/pii/S1742706114002347
263, Metallic nanoparticles,2008,J Blackman,books.google.com,https://books.google.com/books?hl=en&lr=&id=qRStE4M9ZAkC&oi=fnd&pg=PP1&dq=metallic+nanoparticles&ots=RURJpU6kod&sig=3Ckvv9oe2L9bwq6aFmIy0chBFXU
264,A review of characterization and physical property studies of metallic nanoparticles,2001,JT Lue,Elsevier,https://www.sciencedirect.com/science/article/pii/S0022369701000993
265,Synthesis of metallic nanoparticles using plant extracts,2013,AK Mittal,Elsevier,https://www.sciencedirect.com/science/article/pii/S0734975013000050
266,Surface plasmons in metallic nanoparticles: fundamentals and applications,2011,MA García,iopscience.iop.org,https://iopscience.iop.org/article/10.1088/0022-3727/44/28/283001/meta
267,Pharmacokinetics of metallic nanoparticles,2015,Z Lin,Library,https://wires.onlinelibrary.wiley.com/doi/abs/10.1002/wnan.1304
268,Electron dynamics in metallic nanoparticles,2000,JY Bigot,Elsevier,https://www.sciencedirect.com/science/article/pii/S0301010499002980
269,Metallic nanoparticles: technology overview & drug delivery applications in oncology,2010,MZ Ahmad,Francis,https://www.tandfonline.com/doi/abs/10.1517/17425247.2010.498473
270,Introduction to metallic nanoparticles,2010,VV Mody,ncbi.nlm.nih.gov,https://www.ncbi.nlm.nih.gov/pmc/articles/PMC2996072/
271,Biological synthesis of metallic nanoparticles,2010,KN Thakkar,Elsevier,https://www.sciencedirect.com/science/article/pii/S1549963409001154
272,Applications of biosynthesized metallic nanoparticles–a review,2014,A Schröfel,Elsevier,https://www.sciencedirect.com/science/article/pii/S1742706114002347
273, Metallic nanoparticles,2008,J Blackman,books.google.com,https://books.google.com/books?hl=en&lr=&id=qRStE4M9ZAkC&oi=fnd&pg=PP1&dq=metallic+nanoparticles&ots=RURJpU6lhe&sig=10dNCvXp9tIi5mxsT8litVnGZ3o
274,A review of characterization and physical property studies of metallic nanoparticles,2001,JT Lue,Elsevier,https://www.sciencedirect.com/science/article/pii/S0022369701000993
275,Synthesis of metallic nanoparticles using plant extracts,2013,AK Mittal,Elsevier,https://www.sciencedirect.com/science/article/pii/S0734975013000050
276,Surface plasmons in metallic nanoparticles: fundamentals and applications,2011,MA García,iopscience.iop.org,https://iopscience.iop.org/article/10.1088/0022-3727/44/28/283001/meta
277,Pharmacokinetics of metallic nanoparticles,2015,Z Lin,Library,https://wires.onlinelibrary.wiley.com/doi/abs/10.1002/wnan.1304
278,Electron dynamics in metallic nanoparticles,2000,JY Bigot,Elsevier,https://www.sciencedirect.com/science/article/pii/S0301010499002980
279,Metallic nanoparticles: technology overview & drug delivery applications in oncology,2010,MZ Ahmad,Francis,https://www.tandfonline.com/doi/abs/10.1517/17425247.2010.498473
280,Introduction to metallic nanoparticles,2010,VV Mody,ncbi.nlm.nih.gov,https://www.ncbi.nlm.nih.gov/pmc/articles/PMC2996072/
281,Biological synthesis of metallic nanoparticles,2010,KN Thakkar,Elsevier,https://www.sciencedirect.com/science/article/pii/S1549963409001154
282,Applications of biosynthesized metallic nanoparticles–a review,2014,A Schröfel,Elsevier,https://www.sciencedirect.com/science/article/pii/S1742706114002347
283, Metallic nanoparticles,2008,J Blackman,books.google.com,https://books.google.com/books?hl=en&lr=&id=qRStE4M9ZAkC&oi=fnd&pg=PP1&dq=metallic+nanoparticles&ots=RURJpU6lke&sig=dUbP4jqi-ktBBJCqgBmYB-tiNn8
284,A review of characterization and physical property studies of metallic nanoparticles,2001,JT Lue,Elsevier,https://www.sciencedirect.com/science/article/pii/S0022369701000993
285,Synthesis of metallic nanoparticles using plant extracts,2013,AK Mittal,Elsevier,https://www.sciencedirect.com/science/article/pii/S0734975013000050
286,Surface plasmons in metallic nanoparticles: fundamentals and applications,2011,MA García,iopscience.iop.org,https://iopscience.iop.org/article/10.1088/0022-3727/44/28/283001/meta
287,Pharmacokinetics of metallic nanoparticles,2015,Z Lin,Library,https://wires.onlinelibrary.wiley.com/doi/abs/10.1002/wnan.1304
288,Electron dynamics in metallic nanoparticles,2000,JY Bigot,Elsevier,https://www.sciencedirect.com/science/article/pii/S0301010499002980
289,Metallic nanoparticles: technology overview & drug delivery applications in oncology,2010,MZ Ahmad,Francis,https://www.tandfonline.com/doi/abs/10.1517/17425247.2010.498473
290,Introduction to metallic nanoparticles,2010,VV Mody,ncbi.nlm.nih.gov,https://www.ncbi.nlm.nih.gov/pmc/articles/PMC2996072/
291,Biological synthesis of metallic nanoparticles,2010,KN Thakkar,Elsevier,https://www.sciencedirect.com/science/article/pii/S1549963409001154
292,Applications of biosynthesized metallic nanoparticles–a review,2014,A Schröfel,Elsevier,https://www.sciencedirect.com/science/article/pii/S1742706114002347
293, Metallic nanoparticles,2008,J Blackman,books.google.com,https://books.google.com/books?hl=en&lr=&id=qRStE4M9ZAkC&oi=fnd&pg=PP1&dq=metallic+nanoparticles&ots=RURJpU6lng&sig=nI_gIgP4X-cWOvYNjzT9SLsQ92g
294,A review of characterization and physical property studies of metallic nanoparticles,2001,JT Lue,Elsevier,https://www.sciencedirect.com/science/article/pii/S0022369701000993
295,Synthesis of metallic nanoparticles using plant extracts,2013,AK Mittal,Elsevier,https://www.sciencedirect.com/science/article/pii/S0734975013000050
296,Surface plasmons in metallic nanoparticles: fundamentals and applications,2011,MA García,iopscience.iop.org,https://iopscience.iop.org/article/10.1088/0022-3727/44/28/283001/meta
297,Pharmacokinetics of metallic nanoparticles,2015,Z Lin,Library,https://wires.onlinelibrary.wiley.com/doi/abs/10.1002/wnan.1304
298,Electron dynamics in metallic nanoparticles,2000,JY Bigot,Elsevier,https://www.sciencedirect.com/science/article/pii/S0301010499002980
299,Metallic nanoparticles: technology overview & drug delivery applications in oncology,2010,MZ Ahmad,Francis,https://www.tandfonline.com/doi/abs/10.1517/17425247.2010.498473
300,Introduction to metallic nanoparticles,2010,VV Mody,ncbi.nlm.nih.gov,https://www.ncbi.nlm.nih.gov/pmc/articles/PMC2996072/
301,Biological synthesis of metallic nanoparticles,2010,KN Thakkar,Elsevier,https://www.sciencedirect.com/science/article/pii/S1549963409001154
302,Applications of biosynthesized metallic nanoparticles–a review,2014,A Schröfel,Elsevier,https://www.sciencedirect.com/science/article/pii/S1742706114002347
303, Metallic nanoparticles,2008,J Blackman,books.google.com,https://books.google.com/books?hl=en&lr=&id=qRStE4M9ZAkC&oi=fnd&pg=PP1&dq=metallic+nanoparticles&ots=RURJpU6lqh&sig=7cs_BRmvC2FUzET-9TnkgCrFBWk
304,A review of characterization and physical property studies of metallic nanoparticles,2001,JT Lue,Elsevier,https://www.sciencedirect.com/science/article/pii/S0022369701000993
305,Synthesis of metallic nanoparticles using plant extracts,2013,AK Mittal,Elsevier,https://www.sciencedirect.com/science/article/pii/S0734975013000050
306,Surface plasmons in metallic nanoparticles: fundamentals and applications,2011,MA García,iopscience.iop.org,https://iopscience.iop.org/article/10.1088/0022-3727/44/28/283001/meta
307,Pharmacokinetics of metallic nanoparticles,2015,Z Lin,Library,https://wires.onlinelibrary.wiley.com/doi/abs/10.1002/wnan.1304
308,Electron dynamics in metallic nanoparticles,2000,JY Bigot,Elsevier,https://www.sciencedirect.com/science/article/pii/S0301010499002980
309,Metallic nanoparticles: technology overview & drug delivery applications in oncology,2010,MZ Ahmad,Francis,https://www.tandfonline.com/doi/abs/10.1517/17425247.2010.498473
310,Introduction to metallic nanoparticles,2010,VV Mody,ncbi.nlm.nih.gov,https://www.ncbi.nlm.nih.gov/pmc/articles/PMC2996072/
311,Biological synthesis of metallic nanoparticles,2010,KN Thakkar,Elsevier,https://www.sciencedirect.com/science/article/pii/S1549963409001154
312,Applications of biosynthesized metallic nanoparticles–a review,2014,A Schröfel,Elsevier,https://www.sciencedirect.com/science/article/pii/S1742706114002347
313, Metallic nanoparticles,2008,J Blackman,books.google.com,https://books.google.com/books?hl=en&lr=&id=qRStE4M9ZAkC&oi=fnd&pg=PP1&dq=metallic+nanoparticles&ots=RURJpU6mk8&sig=mh5ljZ6TDjWZ8bOCU_YGT1_kfsE
314,A review of characterization and physical property studies of metallic nanoparticles,2001,JT Lue,Elsevier,https://www.sciencedirect.com/science/article/pii/S0022369701000993
315,Synthesis of metallic nanoparticles using plant extracts,2013,AK Mittal,Elsevier,https://www.sciencedirect.com/science/article/pii/S0734975013000050
316,Surface plasmons in metallic nanoparticles: fundamentals and applications,2011,MA García,iopscience.iop.org,https://iopscience.iop.org/article/10.1088/0022-3727/44/28/283001/meta
317,Pharmacokinetics of metallic nanoparticles,2015,Z Lin,Library,https://wires.onlinelibrary.wiley.com/doi/abs/10.1002/wnan.1304
318,Electron dynamics in metallic nanoparticles,2000,JY Bigot,Elsevier,https://www.sciencedirect.com/science/article/pii/S0301010499002980
319,Metallic nanoparticles: technology overview & drug delivery applications in oncology,2010,MZ Ahmad,Francis,https://www.tandfonline.com/doi/abs/10.1517/17425247.2010.498473
320,Introduction to metallic nanoparticles,2010,VV Mody,ncbi.nlm.nih.gov,https://www.ncbi.nlm.nih.gov/pmc/articles/PMC2996072/
321,Biological synthesis of metallic nanoparticles,2010,KN Thakkar,Elsevier,https://www.sciencedirect.com/science/article/pii/S1549963409001154
322,Applications of biosynthesized metallic nanoparticles–a review,2014,A Schröfel,Elsevier,https://www.sciencedirect.com/science/article/pii/S1742706114002347
323, Metallic nanoparticles,2008,J Blackman,books.google.com,https://books.google.com/books?hl=en&lr=&id=qRStE4M9ZAkC&oi=fnd&pg=PP1&dq=metallic+nanoparticles&ots=RURJpU6mn9&sig=sfjGelwdoMAE-QTXUYnWRX7YvzU
324,A review of characterization and physical property studies of metallic nanoparticles,2001,JT Lue,Elsevier,https://www.sciencedirect.com/science/article/pii/S0022369701000993
325,Synthesis of metallic nanoparticles using plant extracts,2013,AK Mittal,Elsevier,https://www.sciencedirect.com/science/article/pii/S0734975013000050
326,Surface plasmons in metallic nanoparticles: fundamentals and applications,2011,MA García,iopscience.iop.org,https://iopscience.iop.org/article/10.1088/0022-3727/44/28/283001/meta
327,Pharmacokinetics of metallic nanoparticles,2015,Z Lin,Library,https://wires.onlinelibrary.wiley.com/doi/abs/10.1002/wnan.1304
328,Electron dynamics in metallic nanoparticles,2000,JY Bigot,Elsevier,https://www.sciencedirect.com/science/article/pii/S0301010499002980
329,Metallic nanoparticles: technology overview & drug delivery applications in oncology,2010,MZ Ahmad,Francis,https://www.tandfonline.com/doi/abs/10.1517/17425247.2010.498473
330,Introduction to metallic nanoparticles,2010,VV Mody,ncbi.nlm.nih.gov,https://www.ncbi.nlm.nih.gov/pmc/articles/PMC2996072/
331,Biological synthesis of metallic nanoparticles,2010,KN Thakkar,Elsevier,https://www.sciencedirect.com/science/article/pii/S1549963409001154
332,Applications of biosynthesized metallic nanoparticles–a review,2014,A Schröfel,Elsevier,https://www.sciencedirect.com/science/article/pii/S1742706114002347
333, Metallic nanoparticles,2008,J Blackman,books.google.com,https://books.google.com/books?hl=en&lr=&id=qRStE4M9ZAkC&oi=fnd&pg=PP1&dq=metallic+nanoparticles&ots=RURJpU6mqb&sig=-iMlElbcZdob5X9qn1OQ_uSqU1Y
334,A review of characterization and physical property studies of metallic nanoparticles,2001,JT Lue,Elsevier,https://www.sciencedirect.com/science/article/pii/S0022369701000993
335,Synthesis of metallic nanoparticles using plant extracts,2013,AK Mittal,Elsevier,https://www.sciencedirect.com/science/article/pii/S0734975013000050
336,Surface plasmons in metallic nanoparticles: fundamentals and applications,2011,MA García,iopscience.iop.org,https://iopscience.iop.org/article/10.1088/0022-3727/44/28/283001/meta
337,Pharmacokinetics of metallic nanoparticles,2015,Z Lin,Library,https://wires.onlinelibrary.wiley.com/doi/abs/10.1002/wnan.1304
338,Electron dynamics in metallic nanoparticles,2000,JY Bigot,Elsevier,https://www.sciencedirect.com/science/article/pii/S0301010499002980
339,Metallic nanoparticles: technology overview & drug delivery applications in oncology,2010,MZ Ahmad,Francis,https://www.tandfonline.com/doi/abs/10.1517/17425247.2010.498473
340,Introduction to metallic nanoparticles,2010,VV Mody,ncbi.nlm.nih.gov,https://www.ncbi.nlm.nih.gov/pmc/articles/PMC2996072/
341,Biological synthesis of metallic nanoparticles,2010,KN Thakkar,Elsevier,https://www.sciencedirect.com/science/article/pii/S1549963409001154
342,Applications of biosynthesized metallic nanoparticles–a review,2014,A Schröfel,Elsevier,https://www.sciencedirect.com/science/article/pii/S1742706114002347
343, Metallic nanoparticles,2008,J Blackman,books.google.com,https://books.google.com/books?hl=en&lr=&id=qRStE4M9ZAkC&oi=fnd&pg=PP1&dq=metallic+nanoparticles&ots=RURJpU6njc&sig=0CIIQuo2Bmza1ZzzbX7Pdv5Gq2I
344,A review of characterization and physical property studies of metallic nanoparticles,2001,JT Lue,Elsevier,https://www.sciencedirect.com/science/article/pii/S0022369701000993
345,Synthesis of metallic nanoparticles using plant extracts,2013,AK Mittal,Elsevier,https://www.sciencedirect.com/science/article/pii/S0734975013000050
346,Surface plasmons in metallic nanoparticles: fundamentals and applications,2011,MA García,iopscience.iop.org,https://iopscience.iop.org/article/10.1088/0022-3727/44/28/283001/meta
347,Pharmacokinetics of metallic nanoparticles,2015,Z Lin,Library,https://wires.onlinelibrary.wiley.com/doi/abs/10.1002/wnan.1304
348,Electron dynamics in metallic nanoparticles,2000,JY Bigot,Elsevier,https://www.sciencedirect.com/science/article/pii/S0301010499002980
349,Metallic nanoparticles: technology overview & drug delivery applications in oncology,2010,MZ Ahmad,Francis,https://www.tandfonline.com/doi/abs/10.1517/17425247.2010.498473
350,Introduction to metallic nanoparticles,2010,VV Mody,ncbi.nlm.nih.gov,https://www.ncbi.nlm.nih.gov/pmc/articles/PMC2996072/
351,Biological synthesis of metallic nanoparticles,2010,KN Thakkar,Elsevier,https://www.sciencedirect.com/science/article/pii/S1549963409001154
352,Applications of biosynthesized metallic nanoparticles–a review,2014,A Schröfel,Elsevier,https://www.sciencedirect.com/science/article/pii/S1742706114002347
353, Metallic nanoparticles,2008,J Blackman,books.google.com,https://books.google.com/books?hl=en&lr=&id=qRStE4M9ZAkC&oi=fnd&pg=PP1&dq=metallic+nanoparticles&ots=RURJpU6nmd&sig=lmVoXnv4EpM5BfFPjcX8iduR3lQ
354,A review of characterization and physical property studies of metallic nanoparticles,2001,JT Lue,Elsevier,https://www.sciencedirect.com/science/article/pii/S0022369701000993
355,Synthesis of metallic nanoparticles using plant extracts,2013,AK Mittal,Elsevier,https://www.sciencedirect.com/science/article/pii/S0734975013000050
356,Surface plasmons in metallic nanoparticles: fundamentals and applications,2011,MA García,iopscience.iop.org,https://iopscience.iop.org/article/10.1088/0022-3727/44/28/283001/meta
357,Pharmacokinetics of metallic nanoparticles,2015,Z Lin,Library,https://wires.onlinelibrary.wiley.com/doi/abs/10.1002/wnan.1304
358,Electron dynamics in metallic nanoparticles,2000,JY Bigot,Elsevier,https://www.sciencedirect.com/science/article/pii/S0301010499002980
359,Metallic nanoparticles: technology overview & drug delivery applications in oncology,2010,MZ Ahmad,Francis,https://www.tandfonline.com/doi/abs/10.1517/17425247.2010.498473
